temps,valeur
0,1476
1,1481
2,1484
3,1491
4,1487
5,1491
6,1491
7,1494
8,1495
9,1492
10,1496
11,1500
12,1497
13,1495
14,1497
15,1497
16,1500
17,1504
18,1505
19,1504
20,1508
21,1506
22,1508
23,1511
24,1516
25,1513
26,1511
27,1515
28,1516
29,1522
30,1523
31,1524
32,1523
33,1528
34,1539
35,1536
36,1535
37,1536
38,1545
39,1542
40,1545
41,1543
42,1544
43,1548
44,1552
45,1555
46,1554
47,1555
48,1558
49,1556
50,1563
51,1564
52,1562
53,1564
54,1567
55,1570
56,1572
57,1577
58,1580
59,1586
60,1591
61,1584
62,1590
63,1588
64,1600
65,1599
66,1596
67,1600
68,1601
69,1607
70,1603
71,1607
72,1609
73,1609
74,1611
75,1616
76,1614
77,1615
78,1619
79,1619
80,1620
81,1623
82,1623
83,1628
84,1628
85,1630
86,1632
87,1636
88,1632
89,1639
90,1639
91,1644
92,1644
93,1650
94,1655
95,1656
96,1652
97,1656
98,1651
99,1657
100,1668
101,1666
102,1667
103,1670
104,1668
105,1679
106,1675
107,1683
108,1680
109,1683
110,1678
111,1681
112,1684
113,1689
114,1688
115,1689
116,1694
117,1695
118,1700
119,1700
120,1703
121,1706
122,1708
123,1708
124,1710
125,1716
126,1712
127,1723
128,1720
129,1726
130,1724
131,1730
132,1729
133,1732
134,1737
135,1737
136,1739
137,1742
138,1742
139,1740
140,1745
141,1752
142,1747
143,1759
144,1748
145,1756
146,1747
147,1763
148,1759
149,1753
150,1760
151,1764
152,1764
153,1764
154,1767
155,1769
156,1772
157,1772
158,1775
159,1776
160,1777
161,1788
162,1782
163,1792
164,1794
165,1788
166,1792
167,1798
168,1800
169,1804
170,1804
171,1799
172,1806
173,1811
174,1806
175,1816
176,1810
177,1824
178,1816
179,1817
180,1824
181,1828
182,1822
183,1824
184,1825
185,1831
186,1830
187,1827
188,1828
189,1831
190,1831
191,1831
192,1833
193,1836
194,1839
195,1836
196,1842
197,1843
198,1844
199,1848
200,1852
201,1852
202,1850
203,1852
204,1855
205,1857
206,1855
207,1854
208,1862
209,1857
210,1862
211,1868
212,1870
213,1870
214,1872
215,1871
216,1875
217,1871
218,1871
219,1878
220,1884
221,1888
222,1884
223,1888
224,1883
225,1888
226,1891
227,1886
228,1887
229,1889
230,1889
231,1889
232,1892
233,1894
234,1895
235,1895
236,1896
237,1897
238,1897
239,1899
240,1904
241,1906
242,1910
243,1911
244,1904
245,1907
246,1907
247,1910
248,1907
249,1912
250,1919
251,1912
252,1913
253,1918
254,1910
255,1915
256,1912
257,1920
258,1916
259,1916
260,1922
261,1923
262,1928
263,1924
264,1926
265,1924
266,1928
267,1920
268,1921
269,1926
270,1924
271,1929
272,1928
273,1927
274,1927
275,1928
276,1931
277,1934
278,1928
279,1929
280,1932
281,1936
282,1931
283,1935
284,1936
285,1932
286,1936
287,1936
288,1934
289,1945
290,1936
291,1943
292,1935
293,1939
294,1938
295,1939
296,1938
297,1939
298,1939
299,1939
300,1940
301,1944
302,1943
303,1935
304,1936
305,1934
306,1943
307,1936
308,1942
309,1936
310,1936
311,1936
312,1936
313,1939
314,1936
315,1935
316,1938
317,1939
318,1939
319,1936
320,1938
321,1945
322,1944
323,1944
324,1939
325,1942
326,1937
327,1940
328,1951
329,1939
330,1945
331,1943
332,1939
333,1938
334,1948
335,1939
336,1939
337,1944
338,1947
339,1938
340,1936
341,1945
342,1944
343,1939
344,1940
345,1932
346,1929
347,1932
348,1929
349,1922
350,1923
351,1924
352,1922
353,1923
354,1923
355,1920
356,1922
357,1921
358,1920
359,1920
360,1923
361,1926
362,1915
363,1921
364,1920
365,1921
366,1920
367,1916
368,1923
369,1920
370,1916
371,1916
372,1913
373,1916
374,1911
375,1920
376,1920
377,1916
378,1910
379,1912
380,1913
381,1916
382,1912
383,1908
384,1913
385,1907
386,1912
387,1904
388,1902
389,1903
390,1900
391,1899
392,1902
393,1899
394,1900
395,1897
396,1895
397,1895
398,1897
399,1900
400,1890
401,1894
402,1891
403,1890
404,1703
405,1703
406,1700
407,1701
408,1700
409,1700
410,1700
411,1698
412,1698
413,1696
414,1699
415,1702
416,1702
417,1695
418,1697
419,1696
420,1699
421,1696
422,1694
423,1697
424,1695
425,1696
426,1700
427,1694
428,1692
429,1695
430,1699
431,1695
432,1692
433,1692
434,1697
435,1692
436,1695
437,1692
438,1690
439,1690
440,1689
441,1692
442,1689
443,1692
444,1783
445,1783
446,1784
447,1784
448,1787
449,1792
450,1792
451,1792
452,1792
453,1792
454,1788
455,1796
456,1790
457,1792
458,1792
459,1793
460,1796
461,1796
462,1794
463,1799
464,1799
465,1796
466,1793
467,1794
468,1801
469,1800
470,1795
471,1800
472,1801
473,1796
474,1795
475,1796
476,1798
477,1795
478,1799
479,1798
480,1796
481,1798
482,1798
483,1799
484,1826
485,1833
486,1831
487,1831
488,1833
489,1833
490,1831
491,1833
492,1828
493,1828
494,1831
495,1828
496,1828
497,1830
498,1830
499,1831
500,1836
501,1826
502,1830
503,1831
504,1831
505,1831
506,1830
507,1835
508,1830
509,1831
510,1830
511,1830
512,1828
513,1828
514,1828
515,1830
516,1830
517,1831
518,1830
519,1828
520,1827
521,1833
522,1832
523,1828
524,1393
525,1391
526,1390
527,1383
528,1383
529,1380
530,1379
531,1380
532,1374
533,1376
534,1371
535,1372
536,1369
537,1368
538,1368
539,1368
540,1363
541,1363
542,1363
543,1363
544,1358
545,1356
546,1355
547,1355
548,1352
549,1352
550,1352
551,1351
552,1350
553,1346
554,1347
555,1340
556,1343
557,1340
558,1337
559,1335
560,1335
561,1332
562,1332
563,1330
564,1647
565,1650
566,1651
567,1654
568,1660
569,1661
570,1667
571,1665
572,1667
573,1664
574,1673
575,1668
576,1673
577,1676
578,1678
579,1678
580,1682
581,1687
582,1687
583,1694
584,1692
585,1697
586,1697
587,1700
588,1698
589,1697
590,1708
591,1712
592,1705
593,1708
594,1712
595,1712
596,1713
597,1716
598,1719
599,1720
600,1722
601,1728
602,1728
603,1736
604,1849
605,1846
606,1848
607,1843
608,1847
609,1844
610,1846
611,1842
612,1840
613,1838
614,1838
615,1843
616,1843
617,1836
618,1838
619,1833
620,1835
621,1840
622,1838
623,1833
624,1831
625,1835
626,1832
627,1831
628,1828
629,1825
630,1825
631,1820
632,1819
633,1817
634,1817
635,1816
636,1815
637,1812
638,1816
639,1816
640,1818
641,1811
642,1816
643,1817
644,1705
645,1707
646,1705
647,1704
648,1707
649,1705
650,1708
651,1708
652,1712
653,1705
654,1708
655,1708
656,1705
657,1708
658,1703
659,1710
660,1705
661,1713
662,1711
663,1712
664,1708
665,1711
666,1715
667,1713
668,1712
669,1715
670,1712
671,1708
672,1715
673,1711
674,1710
675,1704
676,1705
677,1704
678,1703
679,1704
680,1705
681,1705
682,1705
683,1705
684,1799
685,1799
686,1798
687,1800
688,1800
689,1801
690,1803
691,1801
692,1804
693,1804
694,1806
695,1804
696,1808
697,1804
698,1804
699,1807
700,1807
701,1808
702,1804
703,1808
704,1804
705,1808
706,1806
707,1811
708,1806
709,1804
710,1804
711,1806
712,1801
713,1804
714,1808
715,1807
716,1807
717,1806
718,1806
719,1808
720,1806
721,1808
722,1807
723,1808
724,1774
725,1775
726,1771
727,1772
728,1772
729,1770
730,1769
731,1769
732,1774
733,1776
734,1774
735,1772
736,1774
737,1771
738,1769
739,1769
740,1769
741,1772
742,1764
743,1769
744,1767
745,1764
746,1767
747,1764
748,1760
749,1753
750,1760
751,1753
752,1753
753,1748
754,1748
755,1751
756,1751
757,1746
758,1744
759,1745
760,1737
761,1735
762,1735
763,1732
764,1150
765,1146
766,1148
767,1145
768,1142
769,1145
770,1143
771,1139
772,1138
773,1134
774,1134
775,1131
776,1132
777,1131
778,1132
779,1131
780,1132
781,1128
782,1127
783,1127
784,1126
785,1123
786,1124
787,1124
788,1126
789,1122
790,1126
791,1126
792,1123
793,1119
794,1119
795,1119
796,1120
797,1118
798,1115
799,1115
800,1112
801,1116
802,1112
803,1115
804,1353
805,1358
806,1360
807,1363
808,1364
809,1368
810,1377
811,1382
812,1376
813,1383
814,1382
815,1385
816,1390
817,1392
818,1396
819,1398
820,1401
821,1404
822,1411
823,1414
824,1414
825,1414
826,1417
827,1424
828,1424
829,1430
830,1427
831,1432
832,1438
833,1438
834,1442
835,1444
836,1447
837,1449
838,1452
839,1455
840,1459
841,1460
842,1465
843,1472
844,1793
845,1785
846,1783
847,1787
848,1788
849,1782
850,1784
851,1779
852,1780
853,1780
854,1779
855,1780
856,1780
857,1778
858,1782
859,1784
860,1779
861,1779
862,1785
863,1782
864,1778
865,1774
866,1775
867,1779
868,1772
869,1772
870,1772
871,1772
872,1774
873,1771
874,1769
875,1769
876,1772
877,1768
878,1767
879,1766
880,1769
881,1768
882,1764
883,1764
884,1697
885,1694
886,1695
887,1692
888,1698
889,1695
890,1696
891,1696
892,1698
893,1698
894,1702
895,1699
896,1700
897,1702
898,1702
899,1700
900,1700
901,1702
902,1702
903,1705
904,1703
905,1705
906,1699
907,1708
908,1711
909,1707
910,1705
911,1710
912,1708
913,1708
914,1712
915,1705
916,1708
917,1716
918,1713
919,1720
920,1716
921,1721
922,1721
923,1720
924,1860
925,1863
926,1860
927,1864
928,1865
929,1867
930,1863
931,1868
932,1864
933,1865
934,1864
935,1868
936,1864
937,1868
938,1868
939,1868
940,1868
941,1870
942,1870
943,1871
944,1875
945,1876
946,1874
947,1884
948,1884
949,1879
950,1883
951,1881
952,1884
953,1887
954,1890
955,1884
956,1892
957,1896
958,1895
959,1890
960,1895
961,1895
962,1897
963,1900
964,1884
965,1888
966,1886
967,1887
968,1884
969,1891
970,1887
971,1892
972,1891
973,1890
974,1888
975,1891
976,1890
977,1894
978,1892
979,1890
980,1890
981,1888
982,1888
983,1888
984,1887
985,1888
986,1888
987,1888
988,1888
989,1888
990,1888
991,1888
992,1887
993,1886
994,1887
995,1879
996,1881
997,1880
998,1886
999,1884
1000,1883
1001,1878
1002,1868
1003,1876
1004,1506
1005,1506
1006,1507
1007,1500
1008,1502
1009,1500
1010,1497
1011,1494
1012,1491
1013,1488
1014,1494
1015,1490
1016,1490
1017,1486
1018,1487
1019,1484
1020,1481
1021,1481
1022,1484
1023,1479
1024,1481
1025,1478
1026,1476
1027,1477
1028,1476
1029,1474
1030,1470
1031,1468
1032,1467
1033,1465
1034,1464
1035,1465
1036,1460
1037,1456
1038,1449
1039,1456
1040,1452
1041,1452
1042,1452
1043,1444
1044,1627
1045,1624
1046,1622
1047,1623
1048,1624
1049,1622
1050,1624
1051,1628
1052,1630
1053,1632
1054,1632
1055,1635
1056,1638
1057,1636
1058,1639
1059,1644
1060,1643
1061,1647
1062,1644
1063,1656
1064,1660
1065,1660
1066,1665
1067,1667
1068,1671
1069,1679
1070,1676
1071,1673
1072,1682
1073,1681
1074,1689
1075,1684
1076,1689
1077,1695
1078,1701
1079,1697
1080,1703
1081,1705
1082,1704
1083,1712
1084,1920
1085,1926
1086,1924
1087,1920
1088,1922
1089,1922
1090,1921
1091,1924
1092,1924
1093,1926
1094,1924
1095,1924
1096,1923
1097,1926
1098,1924
1099,1928
1100,1927
1101,1926
1102,1923
1103,1927
1104,1924
1105,1924
1106,1924
1107,1926
1108,1924
1109,1924
1110,1927
1111,1926
1112,1924
1113,1924
1114,1924
1115,1921
1116,1926
1117,1926
1118,1924
1119,1931
1120,1924
1121,1929
1122,1923
1123,1923
1124,1691
1125,1686
1126,1684
1127,1684
1128,1686
1129,1683
1130,1684
1131,1682
1132,1682
1133,1683
1134,1683
1135,1683
1136,1683
1137,1683
1138,1680
1139,1681
1140,1682
1141,1682
1142,1684
1143,1680
1144,1681
1145,1680
1146,1680
1147,1683
1148,1682
1149,1683
1150,1681
1151,1682
1152,1679
1153,1680
1154,1681
1155,1680
1156,1679
1157,1676
1158,1680
1159,1680
1160,1679
1161,1673
1162,1683
1163,1678
1164,1836
1165,1842
1166,1840
1167,1840
1168,1834
1169,1835
1170,1840
1171,1838
1172,1836
1173,1836
1174,1836
1175,1836
1176,1836
1177,1838
1178,1839
1179,1838
1180,1838
1181,1839
1182,1842
1183,1839
1184,1840
1185,1839
1186,1836
1187,1841
1188,1843
1189,1844
1190,1843
1191,1842
1192,1840
1193,1841
1194,1840
1195,1841
1196,1840
1197,1842
1198,1841
1199,1839
1200,1840
1201,1840
1202,1843
1203,1841
1204,1728
1205,1728
1206,1723
1207,1720
1208,1721
1209,1716
1210,1716
1211,1708
1212,1711
1213,1705
1214,1703
1215,1703
1216,1700
1217,1705
1218,1697
1219,1695
1220,1692
1221,1692
1222,1689
1223,1689
1224,1683
1225,1683
1226,1681
1227,1680
1228,1678
1229,1680
1230,1673
1231,1671
1232,1668
1233,1665
1234,1663
1235,1662
1236,1659
1237,1656
1238,1652
1239,1652
1240,1648
1241,1648
1242,1644
1243,1648
1244,1476
1245,1480
1246,1481
1247,1487
1248,1484
1249,1491
1250,1486
1251,1487
1252,1491
1253,1494
1254,1494
1255,1497
1256,1499
1257,1500
1258,1502
1259,1506
1260,1505
1261,1508
1262,1511
1263,1513
1264,1516
1265,1520
1266,1519
1267,1522
1268,1524
1269,1524
1270,1528
1271,1528
1272,1531
1273,1534
1274,1537
1275,1536
1276,1538
1277,1538
1278,1542
1279,1544
1280,1545
1281,1548
1282,1551
1283,1552
1284,1918
1285,1914
1286,1915
1287,1910
1288,1907
1289,1907
1290,1908
1291,1907
1292,1907
1293,1910
1294,1904
1295,1905
1296,1904
1297,1904
1298,1900
1299,1900
1300,1907
1301,1900
1302,1895
1303,1895
1304,1894
1305,1895
1306,1894
1307,1894
1308,1895
1309,1897
1310,1895
1311,1895
1312,1891
1313,1897
1314,1895
1315,1891
1316,1890
1317,1892
1318,1889
1319,1888
1320,1886
1321,1886
1322,1884
1323,1881
1324,1716
1325,1724
1326,1720
1327,1720
1328,1721
1329,1721
1330,1721
1331,1724
1332,1724
1333,1723
1334,1724
1335,1724
1336,1724
1337,1732
1338,1727
1339,1728
1340,1724
1341,1724
1342,1728
1343,1726
1344,1727
1345,1724
1346,1728
1347,1728
1348,1729
1349,1729
1350,1726
1351,1728
1352,1726
1353,1729
1354,1731
1355,1728
1356,1730
1357,1730
1358,1732
1359,1730
1360,1730
1361,1734
1362,1736
1363,1734
1364,1848
1365,1848
1366,1849
1367,1846
1368,1848
1369,1852
1370,1849
1371,1846
1372,1843
1373,1847
1374,1846
1375,1848
1376,1843
1377,1849
1378,1849
1379,1848
1380,1852
1381,1848
1382,1842
1383,1852
1384,1847
1385,1849
1386,1843
1387,1844
1388,1846
1389,1844
1390,1844
1391,1844
1392,1844
1393,1846
1394,1843
1395,1849
1396,1849
1397,1846
1398,1846
1399,1846
1400,1845
1401,1848
1402,1844
1403,1846
1404,1795
1405,1793
1406,1791
1407,1792
1408,1788
1409,1785
1410,1788
1411,1790
1412,1782
1413,1784
1414,1784
1415,1785
1416,1785
1417,1784
1418,1783
1419,1783
1420,1780
1421,1784
1422,1776
1423,1779
1424,1775
1425,1774
1426,1775
1427,1778
1428,1775
1429,1774
1430,1764
1431,1768
1432,1767
1433,1764
1434,1764
1435,1764
1436,1763
1437,1752
1438,1752
1439,1752
1440,1748
1441,1747
1442,1748
1443,1745
1444,1344
1445,1340
1446,1342
1447,1343
1448,1345
1449,1346
1450,1344
1451,1345
1452,1347
1453,1348
1454,1349
1455,1353
1456,1352
1457,1353
1458,1353
1459,1353
1460,1358
1461,1359
1462,1360
1463,1361
1464,1363
1465,1364
1466,1366
1467,1367
1468,1369
1469,1371
1470,1377
1471,1374
1472,1377
1473,1376
1474,1378
1475,1380
1476,1380
1477,1383
1478,1382
1479,1388
1480,1387
1481,1388
1482,1391
1483,1390
1484,1871
1485,1867
1486,1865
1487,1865
1488,1863
1489,1865
1490,1863
1491,1859
1492,1862
1493,1858
1494,1856
1495,1862
1496,1856
1497,1856
1498,1855
1499,1852
1500,1849
1501,1855
1502,1851
1503,1849
1504,1848
1505,1846
1506,1847
1507,1848
1508,1844
1509,1846
1510,1842
1511,1847
1512,1841
1513,1849
1514,1840
1515,1840
1516,1836
1517,1840
1518,1838
1519,1836
1520,1833
1521,1833
1522,1832
1523,1836
1524,1616
1525,1622
1526,1615
1527,1614
1528,1615
1529,1614
1530,1615
1531,1615
1532,1615
1533,1612
1534,1612
1535,1612
1536,1612
1537,1612
1538,1616
1539,1615
1540,1612
1541,1609
1542,1612
1543,1614
1544,1615
1545,1609
1546,1609
1547,1612
1548,1609
1549,1612
1550,1608
1551,1612
1552,1609
1553,1609
1554,1608
1555,1608
1556,1608
1557,1611
1558,1609
1559,1612
1560,1609
1561,1609
1562,1609
1563,1615
1564,1785
1565,1785
1566,1787
1567,1785
1568,1784
1569,1788
1570,1779
1571,1782
1572,1782
1573,1784
1574,1783
1575,1784
1576,1784
1577,1785
1578,1788
1579,1784
1580,1784
1581,1791
1582,1788
1583,1787
1584,1787
1585,1794
1586,1788
1587,1788
1588,1788
1589,1788
1590,1792
1591,1792
1592,1792
1593,1791
1594,1792
1595,1792
1596,1792
1597,1799
1598,1793
1599,1795
1600,1795
1601,1796
1602,1798
1603,1796
1604,1665
1605,1667
1606,1664
1607,1660
1608,1657
1609,1657
1610,1656
1611,1654
1612,1651
1613,1648
1614,1649
1615,1647
1616,1643
1617,1648
1618,1648
1619,1648
1620,1648
1621,1641
1622,1640
1623,1638
1624,1644
1625,1635
1626,1633
1627,1631
1628,1628
1629,1628
1630,1627
1631,1625
1632,1628
1633,1619
1634,1619
1635,1615
1636,1612
1637,1609
1638,1608
1639,1607
1640,1603
1641,1603
1642,1600
1643,1598
1644,1426
1645,1428
1646,1427
1647,1430
1648,1435
1649,1438
1650,1438
1651,1442
1652,1444
1653,1446
1654,1449
1655,1454
1656,1452
1657,1457
1658,1452
1659,1452
1660,1456
1661,1460
1662,1464
1663,1465
1664,1465
1665,1470
1666,1470
1667,1473
1668,1473
1669,1474
1670,1476
1671,1479
1672,1480
1673,1481
1674,1486
1675,1486
1676,1487
1677,1491
1678,1491
1679,1495
1680,1500
1681,1500
1682,1499
1683,1505
1684,1936
1685,1935
1686,1934
1687,1934
1688,1932
1689,1932
1690,1929
1691,1929
1692,1929
1693,1928
1694,1931
1695,1928
1696,1928
1697,1928
1698,1927
1699,1929
1700,1923
1701,1924
1702,1923
1703,1921
1704,1923
1705,1924
1706,1923
1707,1924
1708,1923
1709,1923
1710,1921
1711,1922
1712,1922
1713,1924
1714,1919
1715,1920
1716,1920
1717,1921
1718,1920
1719,1920
1720,1918
1721,1920
1722,1920
1723,1919
1724,1755
1725,1750
1726,1751
1727,1753
1728,1752
1729,1747
1730,1747
1731,1750
1732,1747
1733,1747
1734,1746
1735,1746
1736,1743
1737,1743
1738,1742
1739,1742
1740,1743
1741,1742
1742,1740
1743,1743
1744,1740
1745,1740
1746,1743
1747,1740
1748,1740
1749,1737
1750,1737
1751,1738
1752,1737
1753,1736
1754,1737
1755,1741
1756,1740
1757,1736
1758,1737
1759,1736
1760,1737
1761,1738
1762,1735
1763,1737
1764,1806
1765,1808
1766,1808
1767,1815
1768,1808
1769,1810
1770,1812
1771,1816
1772,1816
1773,1820
1774,1816
1775,1817
1776,1819
1777,1820
1778,1817
1779,1820
1780,1823
1781,1827
1782,1828
1783,1825
1784,1820
1785,1820
1786,1824
1787,1824
1788,1828
1789,1824
1790,1828
1791,1830
1792,1830
1793,1826
1794,1828
1795,1828
1796,1833
1797,1833
1798,1833
1799,1827
1800,1831
1801,1836
1802,1831
1803,1831
1804,1923
1805,1913
1806,1913
1807,1916
1808,1913
1809,1913
1810,1916
1811,1918
1812,1920
1813,1920
1814,1916
1815,1922
1816,1926
1817,1924
1818,1923
1819,1920
1820,1924
1821,1931
1822,1922
1823,1924
1824,1924
1825,1929
1826,1927
1827,1923
1828,1934
1829,1923
1830,1927
1831,1926
1832,1921
1833,1924
1834,1920
1835,1921
1836,1920
1837,1921
1838,1920
1839,1922
1840,1923
1841,1926
1842,1926
1843,1924
1844,1928
1845,1928
1846,1924
1847,1926
1848,1929
1849,1924
1850,1928
1851,1924
1852,1924
1853,1921
1854,1924
1855,1932
1856,1924
1857,1924
1858,1926
1859,1929
1860,1922
1861,1924
1862,1928
1863,1924
1864,1657
1865,1654
1866,1649
1867,1648
1868,1647
1869,1646
1870,1644
1871,1639
1872,1636
1873,1635
1874,1633
1875,1633
1876,1630
1877,1628
1878,1627
1879,1624
1880,1624
1881,1619
1882,1619
1883,1617
1884,1614
1885,1612
1886,1609
1887,1608
1888,1606
1889,1604
1890,1601
1891,1599
1892,1595
1893,1599
1894,1595
1895,1592
1896,1588
1897,1587
1898,1587
1899,1582
1900,1580
1901,1577
1902,1575
1903,1572
1904,1784
1905,1787
1906,1791
1907,1792
1908,1794
1909,1795
1910,1798
1911,1800
1912,1804
1913,1807
1914,1808
1915,1814
1916,1812
1917,1815
1918,1817
1919,1822
1920,1823
1921,1828
1922,1830
1923,1824
1924,1831
1925,1836
1926,1840
1927,1840
1928,1843
1929,1844
1930,1843
1931,1848
1932,1848
1933,1852
1934,1852
1935,1856
1936,1858
1937,1857
1938,1863
1939,1860
1940,1863
1941,1864
1942,1865
1943,1870
1944,1824
1945,1823
1946,1823
1947,1822
1948,1820
1949,1823
1950,1820
1951,1820
1952,1816
1953,1817
1954,1816
1955,1823
1956,1811
1957,1820
1958,1811
1959,1814
1960,1816
1961,1808
1962,1811
1963,1813
1964,1811
1965,1808
1966,1807
1967,1807
1968,1806
1969,1804
1970,1800
1971,1801
1972,1801
1973,1800
1974,1799
1975,1800
1976,1798
1977,1801
1978,1796
1979,1795
1980,1793
1981,1798
1982,1795
1983,1792
1984,1704
1985,1705
1986,1707
1987,1705
1988,1708
1989,1705
1990,1708
1991,1703
1992,1711
1993,1708
1994,1703
1995,1705
1996,1705
1997,1703
1998,1703
1999,1703
2000,1703
2001,1703
2002,1703
2003,1704
2004,1703
2005,1700
2006,1703
2007,1703
2008,1700
2009,1702
2010,1704
2011,1700
2012,1710
2013,1703
2014,1705
2015,1703
2016,1700
2017,1703
2018,1699
2019,1700
2020,1700
2021,1700
2022,1702
2023,1704
2024,1680
2025,1682
2026,1683
2027,1684
2028,1687
2029,1684
2030,1684
2031,1683
2032,1683
2033,1683
2034,1683
2035,1688
2036,1683
2037,1680
2038,1684
2039,1683
2040,1681
2041,1682
2042,1683
2043,1682
2044,1678
2045,1678
2046,1676
2047,1679
2048,1678
2049,1678
2050,1678
2051,1679
2052,1673
2053,1673
2054,1673
2055,1671
2056,1673
2057,1675
2058,1672
2059,1673
2060,1672
2061,1670
2062,1675
2063,1668
2064,1753
2065,1756
2066,1755
2067,1758
2068,1758
2069,1761
2070,1761
2071,1764
2072,1764
2073,1767
2074,1769
2075,1771
2076,1767
2077,1774
2078,1769
2079,1777
2080,1775
2081,1775
2082,1780
2083,1779
2084,1778
2085,1776
2086,1777
2087,1780
2088,1782
2089,1779
2090,1783
2091,1784
2092,1784
2093,1787
2094,1786
2095,1788
2096,1787
2097,1793
2098,1792
2099,1800
2100,1792
2101,1795
2102,1799
2103,1796
2104,1406
2105,1404
2106,1403
2107,1400
2108,1400
2109,1400
2110,1396
2111,1395
2112,1394
2113,1393
2114,1388
2115,1385
2116,1385
2117,1388
2118,1385
2119,1385
2120,1380
2121,1378
2122,1378
2123,1376
2124,1378
2125,1375
2126,1371
2127,1369
2128,1367
2129,1365
2130,1368
2131,1367
2132,1362
2133,1361
2134,1359
2135,1359
2136,1358
2137,1358
2138,1355
2139,1356
2140,1355
2141,1355
2142,1351
2143,1353
2144,1778
2145,1779
2146,1779
2147,1780
2148,1784
2149,1785
2150,1788
2151,1790
2152,1794
2153,1800
2154,1795
2155,1800
2156,1800
2157,1807
2158,1808
2159,1809
2160,1811
2161,1816
2162,1814
2163,1823
2164,1816
2165,1817
2166,1824
2167,1827
2168,1824
2169,1832
2170,1832
2171,1833
2172,1832
2173,1844
2174,1838
2175,1836
2176,1848
2177,1848
2178,1847
2179,1844
2180,1842
2181,1843
2182,1851
2183,1849
2184,1936
2185,1934
2186,1932
2187,1934
2188,1932
2189,1939
2190,1932
2191,1929
2192,1927
2193,1934
2194,1934
2195,1929
2196,1927
2197,1924
2198,1921
2199,1924
2200,1924
2201,1923
2202,1922
2203,1924
2204,1920
2205,1920
2206,1913
2207,1916
2208,1916
2209,1916
2210,1910
2211,1911
2212,1913
2213,1912
2214,1907
2215,1907
2216,1911
2217,1906
2218,1905
2219,1904
2220,1904
2221,1902
2222,1900
2223,1899
2224,1663
2225,1665
2226,1665
2227,1666
2228,1666
2229,1663
2230,1665
2231,1663
2232,1663
2233,1664
2234,1663
2235,1663
2236,1666
2237,1665
2238,1667
2239,1665
2240,1668
2241,1662
2242,1664
2243,1667
2244,1668
2245,1667
2246,1663
2247,1666
2248,1665
2249,1660
2250,1670
2251,1664
2252,1667
2253,1663
2254,1665
2255,1663
2256,1664
2257,1664
2258,1664
2259,1667
2260,1666
2261,1660
2262,1666
2263,1663
2264,1787
2265,1785
2266,1788
2267,1787
2268,1788
2269,1771
2270,1792
2271,1790
2272,1792
2273,1794
2274,1792
2275,1792
2276,1801
2277,1800
2278,1798
2279,1809
2280,1801
2281,1795
2282,1796
2283,1799
2284,1795
2285,1801
2286,1800
2287,1796
2288,1796
2289,1799
2290,1796
2291,1798
2292,1798
2293,1796
2294,1801
2295,1800
2296,1800
2297,1799
2298,1798
2299,1811
2300,1801
2301,1808
2302,1803
2303,1807
2304,1859
2305,1858
2306,1856
2307,1856
2308,1857
2309,1864
2310,1860
2311,1868
2312,1856
2313,1859
2314,1860
2315,1865
2316,1856
2317,1857
2318,1860
2319,1857
2320,1856
2321,1859
2322,1859
2323,1860
2324,1864
2325,1859
2326,1852
2327,1856
2328,1851
2329,1864
2330,1860
2331,1863
2332,1863
2333,1855
2334,1855
2335,1848
2336,1856
2337,1855
2338,1861
2339,1854
2340,1862
2341,1863
2342,1859
2343,1857
2344,1308
2345,1305
2346,1305
2347,1302
2348,1302
2349,1300
2350,1296
2351,1292
2352,1292
2353,1291
2354,1289
2355,1288
2356,1288
2357,1288
2358,1288
2359,1280
2360,1280
2361,1280
2362,1278
2363,1273
2364,1271
2365,1271
2366,1267
2367,1264
2368,1264
2369,1260
2370,1260
2371,1257
2372,1256
2373,1255
2374,1254
2375,1250
2376,1247
2377,1246
2378,1251
2379,1248
2380,1243
2381,1241
2382,1240
2383,1240
2384,1474
2385,1479
2386,1479
2387,1484
2388,1483
2389,1484
2390,1491
2391,1486
2392,1489
2393,1488
2394,1489
2395,1491
2396,1496
2397,1500
2398,1499
2399,1504
2400,1500
2401,1504
2402,1513
2403,1518
2404,1520
2405,1523
2406,1523
2407,1519
2408,1526
2409,1528
2410,1533
2411,1532
2412,1536
2413,1537
2414,1538
2415,1544
2416,1548
2417,1551
2418,1548
2419,1556
2420,1552
2421,1554
2422,1561
2423,1564
2424,1928
2425,1924
2426,1926
2427,1928
2428,1924
2429,1923
2430,1923
2431,1928
2432,1927
2433,1926
2434,1920
2435,1929
2436,1927
2437,1922
2438,1921
2439,1928
2440,1924
2441,1923
2442,1922
2443,1921
2444,1922
2445,1920
2446,1916
2447,1920
2448,1920
2449,1920
2450,1916
2451,1916
2452,1920
2453,1913
2454,1911
2455,1915
2456,1916
2457,1907
2458,1912
2459,1904
2460,1908
2461,1907
2462,1902
2463,1903
2464,1712
2465,1703
2466,1707
2467,1703
2468,1703
2469,1703
2470,1707
2471,1705
2472,1708
2473,1703
2474,1705
2475,1704
2476,1700
2477,1703
2478,1704
2479,1699
2480,1700
2481,1703
2482,1700
2483,1701
2484,1698
2485,1696
2486,1699
2487,1694
2488,1692
2489,1695
2490,1692
2491,1692
2492,1690
2493,1692
2494,1694
2495,1689
2496,1689
2497,1692
2498,1692
2499,1692
2500,1691
2501,1694
2502,1692
2503,1692
2504,1752
2505,1750
2506,1752
2507,1753
2508,1756
2509,1753
2510,1755
2511,1753
2512,1753
2513,1747
2514,1748
2515,1747
2516,1756
2517,1748
2518,1756
2519,1756
2520,1758
2521,1763
2522,1767
2523,1760
2524,1762
2525,1768
2526,1769
2527,1766
2528,1767
2529,1769
2530,1767
2531,1768
2532,1764
2533,1772
2534,1767
2535,1769
2536,1767
2537,1769
2538,1771
2539,1769
2540,1767
2541,1772
2542,1772
2543,1772
2544,1831
2545,1824
2546,1828
2547,1826
2548,1828
2549,1826
2550,1825
2551,1824
2552,1826
2553,1819
2554,1817
2555,1820
2556,1817
2557,1817
2558,1819
2559,1828
2560,1830
2561,1824
2562,1831
2563,1827
2564,1828
2565,1826
2566,1830
2567,1825
2568,1825
2569,1825
2570,1826
2571,1827
2572,1830
2573,1830
2574,1820
2575,1820
2576,1817
2577,1820
2578,1826
2579,1826
2580,1820
2581,1820
2582,1820
2583,1827
2584,1354
2585,1355
2586,1351
2587,1346
2588,1348
2589,1345
2590,1347
2591,1344
2592,1344
2593,1332
2594,1337
2595,1328
2596,1336
2597,1328
2598,1331
2599,1329
2600,1328
2601,1326
2602,1324
2603,1319
2604,1321
2605,1321
2606,1324
2607,1319
2608,1320
2609,1315
2610,1319
2611,1315
2612,1315
2613,1312
2614,1308
2615,1312
2616,1308
2617,1308
2618,1307
2619,1304
2620,1305
2621,1304
2622,1303
2623,1299
2624,1470
2625,1470
2626,1475
2627,1478
2628,1480
2629,1480
2630,1486
2631,1489
2632,1486
2633,1488
2634,1490
2635,1491
2636,1491
2637,1499
2638,1497
2639,1496
2640,1497
2641,1511
2642,1516
2643,1520
2644,1520
2645,1522
2646,1521
2647,1526
2648,1529
2649,1536
2650,1532
2651,1536
2652,1536
2653,1540
2654,1543
2655,1543
2656,1548
2657,1545
2658,1552
2659,1558
2660,1558
2661,1558
2662,1559
2663,1562
2664,1943
2665,1951
2666,1942
2667,1948
2668,1945
2669,1940
2670,1942
2671,1948
2672,1945
2673,1947
2674,1932
2675,1939
2676,1936
2677,1932
2678,1936
2679,1936
2680,1942
2681,1939
2682,1936
2683,1944
2684,1934
2685,1935
2686,1936
2687,1929
2688,1934
2689,1932
2690,1929
2691,1932
2692,1936
2693,1932
2694,1928
2695,1935
2696,1934
2697,1929
2698,1929
2699,1929
2700,1932
2701,1929
2702,1931
2703,1929
2704,1756
2705,1760
2706,1753
2707,1753
2708,1753
2709,1755
2710,1756
2711,1754
2712,1753
2713,1756
2714,1753
2715,1753
2716,1748
2717,1744
2718,1747
2719,1747
2720,1756
2721,1749
2722,1750
2723,1756
2724,1753
2725,1751
2726,1753
2727,1750
2728,1750
2729,1750
2730,1752
2731,1747
2732,1744
2733,1745
2734,1747
2735,1744
2736,1743
2737,1747
2738,1750
2739,1747
2740,1747
2741,1747
2742,1750
2743,1747
2744,1788
2745,1780
2746,1779
2747,1784
2748,1782
2749,1782
2750,1785
2751,1780
2752,1788
2753,1784
2754,1785
2755,1785
2756,1792
2757,1784
2758,1790
2759,1792
2760,1785
2761,1792
2762,1795
2763,1794
2764,1796
2765,1798
2766,1794
2767,1795
2768,1795
2769,1796
2770,1796
2771,1799
2772,1796
2773,1800
2774,1798
2775,1799
2776,1800
2777,1800
2778,1796
2779,1800
2780,1804
2781,1794
2782,1799
2783,1796
2784,1826
2785,1831
2786,1826
2787,1824
2788,1826
2789,1824
2790,1835
2791,1817
2792,1823
2793,1824
2794,1822
2795,1823
2796,1814
2797,1826
2798,1816
2799,1817
2800,1816
2801,1816
2802,1820
2803,1816
2804,1817
2805,1817
2806,1819
2807,1825
2808,1830
2809,1826
2810,1828
2811,1820
2812,1824
2813,1825
2814,1826
2815,1823
2816,1819
2817,1824
2818,1830
2819,1820
2820,1812
2821,1816
2822,1812
2823,1820
2824,1401
2825,1395
2826,1398
2827,1396
2828,1391
2829,1392
2830,1390
2831,1391
2832,1391
2833,1388
2834,1385
2835,1384
2836,1385
2837,1388
2838,1388
2839,1387
2840,1383
2841,1382
2842,1379
2843,1380
2844,1378
2845,1375
2846,1375
2847,1371
2848,1374
2849,1369
2850,1372
2851,1368
2852,1368
2853,1369
2854,1366
2855,1369
2856,1369
2857,1366
2858,1366
2859,1364
2860,1362
2861,1363
2862,1363
2863,1360
2864,1680
2865,1678
2866,1676
2867,1676
2868,1681
2869,1679
2870,1683
2871,1686
2872,1688
2873,1689
2874,1690
2875,1689
2876,1692
2877,1699
2878,1695
2879,1702
2880,1703
2881,1705
2882,1703
2883,1705
2884,1705
2885,1708
2886,1711
2887,1710
2888,1712
2889,1715
2890,1718
2891,1718
2892,1718
2893,1720
2894,1724
2895,1724
2896,1728
2897,1724
2898,1728
2899,1732
2900,1731
2901,1732
2902,1731
2903,1734
2904,1836
2905,1839
2906,1836
2907,1828
2908,1828
2909,1828
2910,1828
2911,1823
2912,1820
2913,1824
2914,1820
2915,1820
2916,1823
2917,1819
2918,1819
2919,1820
2920,1820
2921,1817
2922,1826
2923,1819
2924,1824
2925,1820
2926,1816
2927,1815
2928,1808
2929,1807
2930,1808
2931,1804
2932,1807
2933,1808
2934,1804
2935,1804
2936,1799
2937,1800
2938,1795
2939,1800
2940,1794
2941,1798
2942,1794
2943,1794
2944,1695
2945,1700
2946,1695
2947,1699
2948,1703
2949,1700
2950,1697
2951,1694
2952,1695
2953,1695
2954,1696
2955,1698
2956,1700
2957,1698
2958,1695
2959,1696
2960,1698
2961,1699
2962,1699
2963,1698
2964,1698
2965,1700
2966,1699
2967,1697
2968,1704
2969,1697
2970,1698
2971,1695
2972,1700
2973,1699
2974,1698
2975,1697
2976,1698
2977,1700
2978,1700
2979,1700
2980,1699
2981,1698
2982,1700
2983,1700
2984,1800
2985,1804
2986,1804
2987,1803
2988,1808
2989,1804
2990,1801
2991,1796
2992,1800
2993,1807
2994,1798
2995,1801
2996,1799
2997,1804
2998,1800
2999,1804
3000,1799
3001,1809
3002,1812
3003,1809
3004,1810
3005,1811
3006,1815
3007,1810
3008,1815
3009,1810
3010,1814
3011,1816
3012,1817
3013,1816
3014,1815
3015,1812
3016,1815
3017,1811
3018,1810
3019,1809
3020,1816
3021,1819
3022,1811
3023,1811
3024,1752
3025,1748
3026,1752
3027,1747
3028,1743
3029,1740
3030,1737
3031,1737
3032,1737
3033,1734
3034,1732
3035,1732
3036,1724
3037,1722
3038,1720
3039,1716
3040,1715
3041,1716
3042,1713
3043,1713
3044,1715
3045,1713
3046,1705
3047,1707
3048,1703
3049,1702
3050,1700
3051,1699
3052,1697
3053,1695
3054,1695
3055,1692
3056,1692
3057,1688
3058,1688
3059,1688
3060,1684
3061,1683
3062,1681
3063,1680
3064,1289
3065,1286
3066,1287
3067,1284
3068,1284
3069,1291
3070,1294
3071,1289
3072,1289
3073,1292
3074,1292
3075,1292
3076,1294
3077,1295
3078,1294
3079,1297
3080,1300
3081,1304
3082,1303
3083,1307
3084,1304
3085,1307
3086,1305
3087,1310
3088,1310
3089,1312
3090,1312
3091,1316
3092,1312
3093,1315
3094,1324
3095,1319
3096,1322
3097,1324
3098,1328
3099,1331
3100,1330
3101,1331
3102,1331
3103,1339
3104,1785
3105,1791
3106,1785
3107,1790
3108,1792
3109,1798
3110,1792
3111,1794
3112,1806
3113,1792
3114,1798
3115,1801
3116,1804
3117,1801
3118,1801
3119,1803
3120,1822
3121,1819
3122,1826
3123,1823
3124,1827
3125,1823
3126,1824
3127,1825
3128,1831
3129,1831
3130,1833
3131,1830
3132,1838
3133,1833
3134,1836
3135,1831
3136,1836
3137,1839
3138,1840
3139,1839
3140,1840
3141,1840
3142,1846
3143,1848
3144,1785
3145,1769
3146,1772
3147,1772
3148,1772
3149,1776
3150,1769
3151,1767
3152,1767
3153,1769
3154,1758
3155,1766
3156,1764
3157,1760
3158,1764
3159,1760
3160,1760
3161,1761
3162,1762
3163,1759
3164,1763
3165,1761
3166,1760
3167,1760
3168,1763
3169,1760
3170,1755
3171,1762
3172,1755
3173,1761
3174,1756
3175,1752
3176,1754
3177,1757
3178,1751
3179,1751
3180,1750
3181,1753
3182,1748
3183,1745
3184,1756
3185,1758
3186,1760
3187,1762
3188,1764
3189,1766
3190,1753
3191,1760
3192,1764
3193,1762
3194,1766
3195,1764
3196,1767
3197,1764
3198,1771
3199,1764
3200,1768
3201,1769
3202,1771
3203,1772
3204,1769
3205,1769
3206,1771
3207,1769
3208,1771
3209,1772
3210,1775
3211,1777
3212,1778
3213,1779
3214,1777
3215,1776
3216,1779
3217,1785
3218,1782
3219,1780
3220,1784
3221,1784
3222,1784
3223,1785
3224,1856
3225,1842
3226,1843
3227,1843
3228,1843
3229,1838
3230,1844
3231,1840
3232,1846
3233,1842
3234,1846
3235,1840
3236,1840
3237,1846
3238,1844
3239,1840
3240,1841
3241,1847
3242,1849
3243,1848
3244,1846
3245,1848
3246,1846
3247,1855
3248,1849
3249,1848
3250,1848
3251,1848
3252,1848
3253,1848
3254,1848
3255,1847
3256,1848
3257,1846
3258,1849
3259,1849
3260,1843
3261,1852
3262,1843
3263,1848
3264,1796
3265,1792
3266,1788
3267,1788
3268,1785
3269,1779
3270,1779
3271,1779
3272,1778
3273,1776
3274,1776
3275,1774
3276,1772
3277,1776
3278,1772
3279,1771
3280,1769
3281,1773
3282,1779
3283,1772
3284,1776
3285,1765
3286,1768
3287,1767
3288,1767
3289,1766
3290,1763
3291,1761
3292,1760
3293,1751
3294,1750
3295,1751
3296,1751
3297,1750
3298,1747
3299,1740
3300,1748
3301,1739
3302,1736
3303,1742
3304,1740
3305,1736
3306,1729
3307,1729
3308,1729
3309,1726
3310,1721
3311,1720
3312,1716
3313,1715
3314,1712
3315,1705
3316,1696
3317,1688
3318,1691
3319,1686
3320,1686
3321,1688
3322,1679
3323,1682
3324,1323
3325,1323
3326,1326
3327,1322
3328,1328
3329,1329
3330,1331
3331,1331
3332,1332
3333,1330
3334,1334
3335,1331
3336,1334
3337,1336
3338,1332
3339,1337
3340,1340
3341,1342
3342,1340
3343,1340
3344,1342
3345,1342
3346,1346
3347,1348
3348,1351
3349,1351
3350,1347
3351,1351
3352,1356
3353,1356
3354,1366
3355,1366
3356,1364
3357,1367
3358,1367
3359,1370
3360,1371
3361,1372
3362,1372
3363,1372
3364,1870
3365,1870
3366,1870
3367,1871
3368,1865
3369,1875
3370,1871
3371,1874
3372,1873
3373,1871
3374,1871
3375,1871
3376,1874
3377,1875
3378,1881
3379,1892
3380,1888
3381,1887
3382,1897
3383,1891
3384,1890
3385,1891
3386,1890
3387,1891
3388,1891
3389,1892
3390,1892
3391,1892
3392,1892
3393,1904
3394,1904
3395,1904
3396,1904
3397,1902
3398,1904
3399,1907
3400,1898
3401,1904
3402,1906
3403,1898
3404,1814
3405,1816
3406,1800
3407,1808
3408,1820
3409,1822
3410,1820
3411,1816
3412,1819
3413,1814
3414,1801
3415,1804
3416,1800
3417,1796
3418,1795
3419,1792
3420,1792
3421,1784
3422,1788
3423,1785
3424,1784
3425,1772
3426,1775
3427,1760
3428,1744
3429,1747
3430,1752
3431,1746
3432,1743
3433,1751
3434,1747
3435,1743
3436,1746
3437,1743
3438,1740
3439,1743
3440,1732
3441,1740
3442,1735
3443,1729
3444,1724
3445,1728
3446,1727
3447,1728
3448,1729
3449,1731
3450,1731
3451,1732
3452,1728
3453,1729
3454,1729
3455,1728
3456,1734
3457,1729
3458,1745
3459,1732
3460,1735
3461,1732
3462,1735
3463,1731
3464,1732
3465,1735
3466,1731
3467,1736
3468,1732
3469,1737
3470,1740
3471,1729
3472,1737
3473,1740
3474,1740
3475,1740
3476,1743
3477,1738
3478,1737
3479,1746
3480,1740
3481,1742
3482,1748
3483,1747
3484,1839
3485,1839
3486,1841
3487,1840
3488,1838
3489,1839
3490,1839
3491,1840
3492,1836
3493,1839
3494,1838
3495,1840
3496,1836
3497,1841
3498,1838
3499,1836
3500,1839
3501,1838
3502,1838
3503,1836
3504,1840
3505,1841
3506,1843
3507,1840
3508,1841
3509,1844
3510,1843
3511,1846
3512,1840
3513,1843
3514,1843
3515,1863
3516,1862
3517,1863
3518,1846
3519,1836
3520,1847
3521,1847
3522,1843
3523,1847
3524,1820
3525,1820
3526,1822
3527,1822
3528,1820
3529,1820
3530,1820
3531,1820
3532,1820
3533,1817
3534,1820
3535,1810
3536,1824
3537,1820
3538,1842
3539,1815
3540,1814
3541,1839
3542,1820
3543,1820
3544,1835
3545,1838
3546,1832
3547,1816
3548,1817
3549,1816
3550,1815
3551,1816
3552,1815
3553,1811
3554,1814
3555,1811
3556,1806
3557,1812
3558,1811
3559,1807
3560,1816
3561,1808
3562,1812
3563,1816
3564,1496
3565,1497
3566,1494
3567,1490
3568,1489
3569,1486
3570,1481
3571,1483
3572,1479
3573,1474
3574,1472
3575,1472
3576,1467
3577,1464
3578,1454
3579,1457
3580,1452
3581,1443
3582,1443
3583,1442
3584,1432
3585,1417
3586,1392
3587,1364
3588,1348
3589,1353
3590,1345
3591,1345
3592,1346
3593,1340
3594,1337
3595,1337
3596,1337
3597,1336
3598,1348
3599,1348
3600,1340
3601,1343
3602,1328
3603,1326
3604,1465
3605,1465
3606,1470
3607,1468
3608,1472
3609,1473
3610,1474
3611,1476
3612,1480
3613,1484
3614,1488
3615,1492
3616,1497
3617,1500
3618,1503
3619,1510
3620,1511
3621,1512
3622,1516
3623,1537
3624,1523
3625,1530
3626,1526
3627,1537
3628,1536
3629,1543
3630,1564
3631,1571
3632,1568
3633,1561
3634,1563
3635,1564
3636,1575
3637,1576
3638,1580
3639,1584
3640,1587
3641,1590
3642,1591
3643,1596
3644,1900
3645,1900
3646,1899
3647,1900
3648,1900
3649,1900
3650,1899
3651,1900
3652,1900
3653,1903
3654,1902
3655,1897
3656,1900
3657,1892
3658,1897
3659,1897
3660,1895
3661,1894
3662,1891
3663,1896
3664,1892
3665,1900
3666,1900
3667,1900
3668,1895
3669,1889
3670,1888
3671,1894
3672,1895
3673,1894
3674,1891
3675,1890
3676,1892
3677,1889
3678,1886
3679,1882
3680,1884
3681,1887
3682,1884
3683,1881
3684,1691
3685,1688
3686,1689
3687,1689
3688,1688
3689,1689
3690,1687
3691,1689
3692,1687
3693,1688
3694,1687
3695,1687
3696,1688
3697,1691
3698,1686
3699,1686
3700,1687
3701,1687
3702,1686
3703,1683
3704,1684
3705,1686
3706,1680
3707,1686
3708,1683
3709,1683
3710,1680
3711,1687
3712,1683
3713,1683
3714,1683
3715,1683
3716,1682
3717,1686
3718,1687
3719,1687
3720,1686
3721,1687
3722,1688
3723,1692
3724,1755
3725,1753
3726,1752
3727,1753
3728,1756
3729,1759
3730,1756
3731,1758
3732,1759
3733,1758
3734,1760
3735,1760
3736,1761
3737,1761
3738,1762
3739,1764
3740,1771
3741,1762
3742,1764
3743,1767
3744,1766
3745,1766
3746,1767
3747,1761
3748,1767
3749,1771
3750,1769
3751,1771
3752,1769
3753,1763
3754,1772
3755,1772
3756,1774
3757,1776
3758,1775
3759,1776
3760,1775
3761,1772
3762,1776
3763,1777
3764,1824
3765,1824
3766,1823
3767,1825
3768,1827
3769,1825
3770,1826
3771,1826
3772,1825
3773,1826
3774,1823
3775,1824
3776,1826
3777,1825
3778,1825
3779,1825
3780,1826
3781,1820
3782,1824
3783,1824
3784,1825
3785,1820
3786,1824
3787,1825
3788,1825
3789,1824
3790,1823
3791,1823
3792,1822
3793,1816
3794,1824
3795,1824
3796,1823
3797,1823
3798,1823
3799,1816
3800,1823
3801,1817
3802,1824
3803,1825
3804,1782
3805,1782
3806,1780
3807,1785
3808,1779
3809,1777
3810,1779
3811,1774
3812,1771
3813,1772
3814,1771
3815,1771
3816,1769
3817,1768
3818,1767
3819,1767
3820,1769
3821,1764
3822,1764
3823,1763
3824,1763
3825,1761
3826,1760
3827,1756
3828,1752
3829,1751
3830,1743
3831,1751
3832,1737
3833,1743
3834,1742
3835,1735
3836,1732
3837,1730
3838,1727
3839,1724
3840,1721
3841,1719
3842,1718
3843,1705
3844,1361
3845,1364
3846,1363
3847,1363
3848,1363
3849,1364
3850,1363
3851,1363
3852,1363
3853,1364
3854,1366
3855,1363
3856,1364
3857,1366
3858,1366
3859,1369
3860,1366
3861,1364
3862,1371
3863,1372
3864,1372
3865,1372
3866,1373
3867,1377
3868,1377
3869,1377
3870,1382
3871,1388
3872,1379
3873,1387
3874,1390
3875,1386
3876,1390
3877,1395
3878,1396
3879,1393
3880,1401
3881,1404
3882,1404
3883,1408
3884,1811
3885,1812
3886,1815
3887,1816
3888,1820
3889,1822
3890,1822
3891,1823
3892,1823
3893,1828
3894,1826
3895,1828
3896,1827
3897,1843
3898,1831
3899,1836
3900,1842
3901,1844
3902,1842
3903,1847
3904,1857
3905,1859
3906,1868
3907,1865
3908,1865
3909,1867
3910,1873
3911,1878
3912,1870
3913,1878
3914,1883
3915,1881
3916,1888
3917,1881
3918,1891
3919,1892
3920,1895
3921,1895
3922,1892
3923,1896
3924,1854
3925,1852
3926,1855
3927,1852
3928,1848
3929,1846
3930,1843
3931,1843
3932,1842
3933,1842
3934,1842
3935,1840
3936,1839
3937,1836
3938,1836
3939,1833
3940,1831
3941,1831
3942,1824
3943,1820
3944,1820
3945,1824
3946,1820
3947,1820
3948,1820
3949,1816
3950,1809
3951,1815
3952,1814
3953,1807
3954,1809
3955,1799
3956,1806
3957,1804
3958,1806
3959,1793
3960,1799
3961,1796
3962,1796
3963,1794
3964,1720
3965,1720
3966,1715
3967,1715
3968,1715
3969,1716
3970,1715
3971,1721
3972,1719
3973,1718
3974,1719
3975,1724
3976,1721
3977,1721
3978,1727
3979,1721
3980,1721
3981,1724
3982,1723
3983,1724
3984,1724
3985,1727
3986,1724
3987,1724
3988,1726
3989,1720
3990,1726
3991,1721
3992,1727
3993,1728
3994,1728
3995,1723
3996,1732
3997,1731
3998,1732
3999,1732
4000,1730
4001,1727
4002,1731
4003,1735
4004,1823
4005,1823
4006,1824
4007,1827
4008,1824
4009,1823
4010,1824
4011,1824
4012,1825
4013,1823
4014,1820
4015,1824
4016,1825
4017,1822
4018,1824
4019,1824
4020,1823
4021,1825
4022,1820
4023,1825
4024,1824
4025,1824
4026,1825
4027,1828
4028,1824
4029,1827
4030,1825
4031,1825
4032,1827
4033,1825
4034,1828
4035,1827
4036,1825
4037,1831
4038,1831
4039,1831
4040,1822
4041,1831
4042,1848
4043,1828
4044,1822
4045,1824
4046,1822
4047,1824
4048,1823
4049,1822
4050,1819
4051,1818
4052,1822
4053,1822
4054,1820
4055,1820
4056,1820
4057,1820
4058,1820
4059,1820
4060,1819
4061,1819
4062,1820
4063,1814
4064,1816
4065,1810
4066,1815
4067,1815
4068,1809
4069,1815
4070,1811
4071,1811
4072,1815
4073,1812
4074,1806
4075,1811
4076,1820
4077,1812
4078,1811
4079,1811
4080,1806
4081,1828
4082,1806
4083,1814
4084,1614
4085,1615
4086,1614
4087,1609
4088,1604
4089,1603
4090,1599
4091,1596
4092,1596
4093,1593
4094,1590
4095,1590
4096,1587
4097,1582
4098,1577
4099,1575
4100,1567
4101,1561
4102,1558
4103,1554
4104,1551
4105,1542
4106,1540
4107,1532
4108,1529
4109,1526
4110,1520
4111,1516
4112,1513
4113,1507
4114,1504
4115,1500
4116,1497
4117,1488
4118,1486
4119,1480
4120,1475
4121,1471
4122,1467
4123,1464
4124,1351
4125,1353
4126,1353
4127,1353
4128,1358
4129,1359
4130,1359
4131,1362
4132,1363
4133,1363
4134,1367
4135,1369
4136,1369
4137,1372
4138,1374
4139,1378
4140,1382
4141,1387
4142,1388
4143,1388
4144,1395
4145,1396
4146,1400
4147,1401
4148,1407
4149,1412
4150,1415
4151,1416
4152,1419
4153,1427
4154,1430
4155,1436
4156,1432
4157,1435
4158,1447
4159,1447
4160,1451
4161,1451
4162,1459
4163,1464
4164,1803
4165,1803
4166,1801
4167,1804
4168,1807
4169,1809
4170,1813
4171,1814
4172,1816
4173,1811
4174,1814
4175,1812
4176,1816
4177,1816
4178,1823
4179,1833
4180,1831
4181,1831
4182,1839
4183,1844
4184,1844
4185,1860
4186,1900
4187,1900
4188,1900
4189,1902
4190,1904
4191,1911
4192,1903
4193,1907
4194,1904
4195,1912
4196,1910
4197,1909
4198,1916
4199,1915
4200,1915
4201,1913
4202,1910
4203,1912
4204,1735
4205,1734
4206,1732
4207,1736
4208,1736
4209,1732
4210,1728
4211,1730
4212,1730
4213,1730
4214,1724
4215,1728
4216,1727
4217,1728
4218,1721
4219,1720
4220,1718
4221,1715
4222,1713
4223,1712
4224,1715
4225,1714
4226,1708
4227,1712
4228,1710
4229,1714
4230,1712
4231,1708
4232,1708
4233,1707
4234,1704
4235,1705
4236,1708
4237,1706
4238,1703
4239,1702
4240,1703
4241,1704
4242,1700
4243,1703
4244,1731
4245,1728
4246,1728
4247,1728
4248,1732
4249,1730
4250,1732
4251,1730
4252,1732
4253,1734
4254,1737
4255,1734
4256,1736
4257,1734
4258,1737
4259,1738
4260,1737
4261,1740
4262,1740
4263,1740
4264,1739
4265,1740
4266,1745
4267,1745
4268,1743
4269,1743
4270,1744
4271,1743
4272,1746
4273,1745
4274,1747
4275,1746
4276,1745
4277,1747
4278,1746
4279,1747
4280,1750
4281,1751
4282,1755
4283,1750
4284,1828
4285,1820
4286,1822
4287,1820
4288,1817
4289,1820
4290,1820
4291,1820
4292,1819
4293,1827
4294,1820
4295,1823
4296,1823
4297,1823
4298,1828
4299,1823
4300,1823
4301,1820
4302,1820
4303,1820
4304,1820
4305,1824
4306,1828
4307,1830
4308,1827
4309,1831
4310,1831
4311,1827
4312,1831
4313,1832
4314,1830
4315,1831
4316,1828
4317,1831
4318,1831
4319,1826
4320,1827
4321,1828
4322,1826
4323,1828
4324,1808
4325,1806
4326,1808
4327,1808
4328,1808
4329,1804
4330,1806
4331,1809
4332,1799
4333,1801
4334,1800
4335,1800
4336,1804
4337,1800
4338,1804
4339,1800
4340,1800
4341,1801
4342,1800
4343,1801
4344,1796
4345,1801
4346,1798
4347,1798
4348,1796
4349,1796
4350,1795
4351,1795
4352,1799
4353,1795
4354,1795
4355,1795
4356,1795
4357,1796
4358,1796
4359,1792
4360,1796
4361,1801
4362,1798
4363,1798
4364,1404
4365,1394
4366,1392
4367,1393
4368,1390
4369,1388
4370,1389
4371,1388
4372,1388
4373,1383
4374,1384
4375,1385
4376,1383
4377,1383
4378,1380
4379,1380
4380,1381
4381,1380
4382,1379
4383,1379
4384,1383
4385,1375
4386,1372
4387,1375
4388,1369
4389,1374
4390,1369
4391,1368
4392,1369
4393,1363
4394,1362
4395,1360
4396,1360
4397,1361
4398,1363
4399,1359
4400,1356
4401,1359
4402,1355
4403,1348
4404,1552
4405,1555
4406,1555
4407,1555
4408,1560
4409,1560
4410,1567
4411,1564
4412,1570
4413,1574
4414,1572
4415,1572
4416,1575
4417,1580
4418,1576
4419,1577
4420,1587
4421,1583
4422,1587
4423,1588
4424,1592
4425,1596
4426,1600
4427,1604
4428,1602
4429,1606
4430,1607
4431,1609
4432,1609
4433,1611
4434,1618
4435,1617
4436,1620
4437,1624
4438,1633
4439,1636
4440,1633
4441,1641
4442,1639
4443,1639
4444,1828
4445,1826
4446,1826
4447,1823
4448,1823
4449,1823
4450,1820
4451,1824
4452,1820
4453,1819
4454,1820
4455,1814
4456,1818
4457,1817
4458,1814
4459,1817
4460,1811
4461,1810
4462,1804
4463,1807
4464,1808
4465,1801
4466,1806
4467,1804
4468,1800
4469,1808
4470,1804
4471,1806
4472,1807
4473,1804
4474,1800
4475,1799
4476,1798
4477,1798
4478,1793
4479,1795
4480,1792
4481,1792
4482,1793
4483,1794
4484,1698
4485,1696
4486,1698
4487,1692
4488,1695
4489,1696
4490,1699
4491,1695
4492,1697
4493,1699
4494,1696
4495,1700
4496,1702
4497,1696
4498,1692
4499,1688
4500,1695
4501,1694
4502,1695
4503,1700
4504,1697
4505,1697
4506,1695
4507,1703
4508,1695
4509,1700
4510,1697
4511,1703
4512,1700
4513,1703
4514,1695
4515,1703
4516,1695
4517,1703
4518,1698
4519,1699
4520,1699
4521,1700
4522,1700
4523,1699
4524,1849
4525,1840
4526,1843
4527,1843
4528,1846
4529,1843
4530,1848
4531,1848
4532,1843
4533,1849
4534,1843
4535,1843
4536,1846
4537,1848
4538,1849
4539,1852
4540,1844
4541,1846
4542,1848
4543,1843
4544,1849
4545,1849
4546,1854
4547,1854
4548,1848
4549,1847
4550,1852
4551,1849
4552,1854
4553,1856
4554,1848
4555,1844
4556,1844
4557,1846
4558,1848
4559,1848
4560,1856
4561,1854
4562,1860
4563,1858
4564,1822
4565,1819
4566,1822
4567,1833
4568,1817
4569,1832
4570,1816
4571,1830
4572,1814
4573,1815
4574,1816
4575,1811
4576,1816
4577,1820
4578,1820
4579,1819
4580,1820
4581,1817
4582,1816
4583,1820
4584,1811
4585,1811
4586,1817
4587,1811
4588,1809
4589,1809
4590,1812
4591,1810
4592,1814
4593,1811
4594,1810
4595,1808
4596,1812
4597,1810
4598,1810
4599,1809
4600,1806
4601,1807
4602,1806
4603,1809
4604,1395
4605,1394
4606,1383
4607,1380
4608,1380
4609,1385
4610,1377
4611,1376
4612,1379
4613,1376
4614,1374
4615,1372
4616,1366
4617,1368
4618,1366
4619,1364
4620,1368
4621,1368
4622,1363
4623,1359
4624,1359
4625,1369
4626,1363
4627,1359
4628,1356
4629,1359
4630,1356
4631,1353
4632,1351
4633,1350
4634,1350
4635,1352
4636,1347
4637,1351
4638,1336
4639,1336
4640,1340
4641,1336
4642,1344
4643,1334
4644,1678
4645,1678
4646,1680
4647,1680
4648,1684
4649,1686
4650,1686
4651,1688
4652,1698
4653,1697
4654,1700
4655,1701
4656,1705
4657,1705
4658,1708
4659,1712
4660,1714
4661,1716
4662,1730
4663,1736
4664,1735
4665,1736
4666,1736
4667,1737
4668,1736
4669,1740
4670,1743
4671,1745
4672,1747
4673,1747
4674,1751
4675,1750
4676,1753
4677,1753
4678,1755
4679,1756
4680,1776
4681,1792
4682,1798
4683,1796
4684,1922
4685,1921
4686,1920
4687,1922
4688,1920
4689,1916
4690,1920
4691,1920
4692,1912
4693,1912
4694,1912
4695,1911
4696,1906
4697,1907
4698,1906
4699,1903
4700,1904
4701,1904
4702,1900
4703,1897
4704,1894
4705,1895
4706,1892
4707,1894
4708,1894
4709,1892
4710,1890
4711,1888
4712,1887
4713,1889
4714,1887
4715,1886
4716,1881
4717,1884
4718,1880
4719,1886
4720,1881
4721,1876
4722,1881
4723,1875
4724,1684
4725,1686
4726,1681
4727,1686
4728,1684
4729,1676
4730,1680
4731,1678
4732,1681
4733,1681
4734,1683
4735,1683
4736,1681
4737,1679
4738,1682
4739,1682
4740,1681
4741,1679
4742,1678
4743,1682
4744,1681
4745,1681
4746,1681
4747,1683
4748,1682
4749,1680
4750,1682
4751,1683
4752,1682
4753,1683
4754,1682
4755,1683
4756,1688
4757,1683
4758,1683
4759,1687
4760,1687
4761,1684
4762,1689
4763,1688
4764,1689
4765,1689
4766,1688
4767,1691
4768,1690
4769,1687
4770,1696
4771,1696
4772,1695
4773,1699
4774,1699
4775,1698
4776,1703
4777,1705
4778,1708
4779,1707
4780,1708
4781,1705
4782,1710
4783,1708
4784,1807
4785,1808
4786,1807
4787,1809
4788,1806
4789,1808
4790,1808
4791,1811
4792,1810
4793,1808
4794,1810
4795,1811
4796,1807
4797,1814
4798,1810
4799,1812
4800,1819
4801,1814
4802,1811
4803,1816
4804,1812
4805,1817
4806,1811
4807,1811
4808,1816
4809,1811
4810,1811
4811,1817
4812,1816
4813,1817
4814,1814
4815,1817
4816,1811
4817,1816
4818,1817
4819,1815
4820,1816
4821,1812
4822,1815
4823,1815
4824,1832
4825,1830
4826,1830
4827,1828
4828,1831
4829,1831
4830,1832
4831,1833
4832,1831
4833,1832
4834,1833
4835,1831
4836,1828
4837,1830
4838,1828
4839,1832
4840,1828
4841,1832
4842,1830
4843,1831
4844,1832
4845,1830
4846,1828
4847,1833
4848,1831
4849,1825
4850,1831
4851,1825
4852,1828
4853,1824
4854,1832
4855,1828
4856,1828
4857,1831
4858,1824
4859,1831
4860,1827
4861,1826
4862,1830
4863,1826
4864,1412
4865,1413
4866,1409
4867,1408
4868,1405
4869,1406
4870,1404
4871,1404
4872,1404
4873,1403
4874,1401
4875,1395
4876,1398
4877,1392
4878,1392
4879,1391
4880,1391
4881,1392
4882,1385
4883,1385
4884,1383
4885,1384
4886,1382
4887,1380
4888,1379
4889,1379
4890,1377
4891,1375
4892,1372
4893,1372
4894,1373
4895,1371
4896,1368
4897,1368
4898,1366
4899,1366
4900,1364
4901,1366
4902,1359
4903,1359
4904,1591
4905,1595
4906,1596
4907,1596
4908,1600
4909,1603
4910,1603
4911,1607
4912,1609
4913,1612
4914,1615
4915,1615
4916,1619
4917,1618
4918,1623
4919,1624
4920,1625
4921,1628
4922,1632
4923,1634
4924,1636
4925,1638
4926,1640
4927,1640
4928,1643
4929,1641
4930,1648
4931,1647
4932,1652
4933,1651
4934,1655
4935,1655
4936,1663
4937,1665
4938,1665
4939,1667
4940,1667
4941,1671
4942,1673
4943,1692
4944,1875
4945,1875
4946,1874
4947,1870
4948,1870
4949,1871
4950,1870
4951,1868
4952,1874
4953,1871
4954,1870
4955,1868
4956,1868
4957,1865
4958,1864
4959,1864
4960,1862
4961,1868
4962,1863
4963,1863
4964,1860
4965,1859
4966,1857
4967,1856
4968,1855
4969,1857
4970,1856
4971,1852
4972,1852
4973,1851
4974,1852
4975,1848
4976,1847
4977,1846
4978,1846
4979,1849
4980,1843
4981,1843
4982,1844
4983,1849
4984,1689
4985,1695
4986,1689
4987,1692
4988,1695
4989,1694
4990,1695
4991,1689
4992,1689
4993,1694
4994,1691
4995,1689
4996,1692
4997,1692
4998,1695
4999,1694
5000,1691
5001,1694
5002,1689
5003,1692
5004,1692
5005,1692
5006,1695
5007,1694
5008,1689
5009,1692
5010,1689
5011,1692
5012,1692
5013,1692
5014,1689
5015,1692
5016,1689
5017,1692
5018,1691
5019,1687
5020,1694
5021,1692
5022,1692
5023,1694
5024,1801
5025,1795
5026,1798
5027,1796
5028,1800
5029,1798
5030,1798
5031,1800
5032,1798
5033,1800
5034,1803
5035,1801
5036,1804
5037,1806
5038,1801
5039,1801
5040,1801
5041,1803
5042,1804
5043,1800
5044,1804
5045,1806
5046,1800
5047,1806
5048,1801
5049,1799
5050,1800
5051,1801
5052,1801
5053,1806
5054,1804
5055,1802
5056,1803
5057,1807
5058,1801
5059,1803
5060,1808
5061,1803
5062,1804
5063,1808
5064,1830
5065,1817
5066,1820
5067,1820
5068,1820
5069,1823
5070,1822
5071,1822
5072,1820
5073,1820
5074,1820
5075,1820
5076,1819
5077,1822
5078,1823
5079,1824
5080,1822
5081,1823
5082,1824
5083,1824
5084,1833
5085,1828
5086,1828
5087,1831
5088,1833
5089,1828
5090,1833
5091,1830
5092,1836
5093,1839
5094,1832
5095,1836
5096,1836
5097,1833
5098,1838
5099,1840
5100,1838
5101,1833
5102,1840
5103,1831
5104,1532
5105,1524
5106,1522
5107,1518
5108,1516
5109,1513
5110,1512
5111,1511
5112,1508
5113,1508
5114,1504
5115,1504
5116,1500
5117,1497
5118,1496
5119,1496
5120,1491
5121,1491
5122,1494
5123,1492
5124,1483
5125,1482
5126,1479
5127,1480
5128,1474
5129,1472
5130,1472
5131,1468
5132,1465
5133,1464
5134,1460
5135,1458
5136,1459
5137,1448
5138,1452
5139,1450
5140,1446
5141,1446
5142,1443
5143,1439
5144,1433
5145,1432
5146,1438
5147,1439
5148,1436
5149,1441
5150,1444
5151,1442
5152,1443
5153,1447
5154,1452
5155,1452
5156,1456
5157,1456
5158,1457
5159,1462
5160,1464
5161,1462
5162,1465
5163,1468
5164,1468
5165,1466
5166,1472
5167,1472
5168,1476
5169,1476
5170,1481
5171,1481
5172,1480
5173,1484
5174,1486
5175,1489
5176,1490
5177,1490
5178,1492
5179,1496
5180,1502
5181,1497
5182,1504
5183,1504
5184,1919
5185,1910
5186,1916
5187,1916
5188,1918
5189,1920
5190,1920
5191,1916
5192,1913
5193,1923
5194,1913
5195,1912
5196,1908
5197,1908
5198,1912
5199,1908
5200,1907
5201,1910
5202,1907
5203,1913
5204,1913
5205,1915
5206,1916
5207,1916
5208,1913
5209,1919
5210,1916
5211,1918
5212,1916
5213,1920
5214,1914
5215,1916
5216,1913
5217,1913
5218,1912
5219,1911
5220,1916
5221,1920
5222,1911
5223,1911
5224,1700
5225,1692
5226,1692
5227,1694
5228,1694
5229,1692
5230,1689
5231,1694
5232,1689
5233,1697
5234,1695
5235,1698
5236,1696
5237,1695
5238,1695
5239,1689
5240,1691
5241,1694
5242,1692
5243,1689
5244,1688
5245,1694
5246,1695
5247,1694
5248,1689
5249,1689
5250,1688
5251,1689
5252,1688
5253,1692
5254,1692
5255,1700
5256,1695
5257,1699
5258,1698
5259,1698
5260,1698
5261,1698
5262,1696
5263,1697
5264,1777
5265,1776
5266,1776
5267,1778
5268,1776
5269,1774
5270,1779
5271,1772
5272,1772
5273,1776
5274,1772
5275,1776
5276,1777
5277,1779
5278,1776
5279,1777
5280,1776
5281,1779
5282,1778
5283,1780
5284,1782
5285,1784
5286,1785
5287,1784
5288,1788
5289,1785
5290,1785
5291,1785
5292,1792
5293,1788
5294,1792
5295,1788
5296,1788
5297,1792
5298,1793
5299,1795
5300,1794
5301,1792
5302,1796
5303,1796
5304,1827
5305,1825
5306,1826
5307,1824
5308,1824
5309,1828
5310,1825
5311,1820
5312,1824
5313,1827
5314,1826
5315,1825
5316,1823
5317,1823
5318,1823
5319,1823
5320,1828
5321,1826
5322,1825
5323,1824
5324,1820
5325,1820
5326,1823
5327,1817
5328,1826
5329,1825
5330,1827
5331,1823
5332,1831
5333,1820
5334,1830
5335,1820
5336,1826
5337,1824
5338,1831
5339,1823
5340,1823
5341,1826
5342,1825
5343,1826
5344,1592
5345,1585
5346,1588
5347,1579
5348,1577
5349,1575
5350,1575
5351,1575
5352,1576
5353,1574
5354,1570
5355,1571
5356,1570
5357,1564
5358,1564
5359,1563
5360,1560
5361,1555
5362,1555
5363,1554
5364,1551
5365,1548
5366,1543
5367,1543
5368,1544
5369,1540
5370,1523
5371,1516
5372,1518
5373,1516
5374,1513
5375,1512
5376,1510
5377,1504
5378,1504
5379,1504
5380,1503
5381,1502
5382,1499
5383,1497
5384,1598
5385,1592
5386,1600
5387,1603
5388,1600
5389,1601
5390,1601
5391,1602
5392,1603
5393,1603
5394,1608
5395,1609
5396,1612
5397,1611
5398,1614
5399,1621
5400,1618
5401,1622
5402,1620
5403,1620
5404,1627
5405,1631
5406,1641
5407,1648
5408,1648
5409,1654
5410,1651
5411,1656
5412,1656
5413,1662
5414,1664
5415,1664
5416,1666
5417,1668
5418,1670
5419,1672
5420,1673
5421,1688
5422,1691
5423,1695
5424,1912
5425,1913
5426,1916
5427,1916
5428,1913
5429,1916
5430,1907
5431,1912
5432,1908
5433,1912
5434,1906
5435,1910
5436,1905
5437,1900
5438,1900
5439,1900
5440,1896
5441,1895
5442,1895
5443,1895
5444,1896
5445,1895
5446,1895
5447,1897
5448,1895
5449,1897
5450,1900
5451,1900
5452,1899
5453,1894
5454,1895
5455,1893
5456,1892
5457,1891
5458,1894
5459,1894
5460,1889
5461,1889
5462,1892
5463,1892
5464,1700
5465,1700
5466,1703
5467,1700
5468,1705
5469,1703
5470,1703
5471,1699
5472,1702
5473,1698
5474,1699
5475,1700
5476,1704
5477,1698
5478,1695
5479,1694
5480,1694
5481,1692
5482,1694
5483,1694
5484,1694
5485,1695
5486,1694
5487,1692
5488,1694
5489,1694
5490,1692
5491,1699
5492,1699
5493,1697
5494,1695
5495,1694
5496,1697
5497,1698
5498,1692
5499,1696
5500,1692
5501,1692
5502,1692
5503,1695
5504,1799
5505,1792
5506,1800
5507,1795
5508,1796
5509,1798
5510,1800
5511,1801
5512,1800
5513,1801
5514,1802
5515,1801
5516,1804
5517,1801
5518,1803
5519,1801
5520,1807
5521,1810
5522,1804
5523,1804
5524,1804
5525,1809
5526,1804
5527,1804
5528,1811
5529,1804
5530,1808
5531,1804
5532,1808
5533,1803
5534,1810
5535,1804
5536,1810
5537,1806
5538,1809
5539,1809
5540,1810
5541,1809
5542,1811
